{"cameraMode":{"drawMode":0,"name":"Shaded","section":"Shading Mode"},"sceneLighting":true,"audioPlay":false,"sceneViewState":{"showFog":true,"showMaterialUpdate":false,"showSkybox":true,"showFlares":true,"showImageEffects":true,"showParticleSystems":true,"showVisualEffectGraphs":true,"m_FxEnabled":true},"in2DMode":false,"pivot":{"x":-6.300230979919434,"y":3.7430925369262697,"z":6.377077102661133},"rotation":{"x":0.010723130777478218,"y":0.9719783067703247,"z":-0.04522967338562012,"w":0.23045028746128083},"size":3.482222080230713,"orthographic":true}