{"cameraMode":{"drawMode":0,"name":"Shaded","section":"Shading Mode"},"sceneLighting":false,"audioPlay":false,"sceneViewState":{"showFog":true,"showMaterialUpdate":false,"showSkybox":false,"showFlares":true,"showImageEffects":true,"showParticleSystems":true,"showVisualEffectGraphs":true,"m_FxEnabled":true},"in2DMode":false,"pivot":{"x":0.5690450668334961,"y":1.2269152402877808,"z":0.1739342212677002},"rotation":{"x":0.013876602984964848,"y":-0.9561643004417419,"z":0.045931171625852588,"w":0.28887391090393069},"size":1.812729835510254,"orthographic":false}